date,username,content_clean,content_translated,sentiment
2023-04-08 15:01:24+00:00,txtdrakuntansi,dr piutang thr dr piutang gaji cr pendapatan jurnal accrual setaun sekali,from the receivables of the THR receivables from the salary receivables CR revenue journal accrual,neutral
2023-04-08 14:52:40+00:00,gummypark61,sedikit curhat bahkan pas korona aja pernah masuk full gaji setngah thr di utangin bahkan smp thn lalu jg semua dh normal thr msh dicicil apa gue ngeluh ke abang ojol gamau generalisasikan abang ojol krn ada yg baik jg tp skrg populasinya udh 5050 sekian trm ksh,"a little vent even when corona just entered full salary after the THR was debated even in junior high school then all of the normal THR MSH still in installments did I complain to the brother of Ojol, I didn't generalize the brother of the ojol because there was a good one but now the population was 5050 so much",neutral
2023-04-08 14:45:03+00:00,yufada_,rep dibawah sini yg mau spay thr receh 1000 untuk 5 orang draw via siapapun boleh ikut gak usah follow enih akun misuh2 dan join gea soalnya,Rep below are those who want to spay THR DREH 1000 for 5 DRAW VIA Via Anyone may not have to follow the Misuh2 account and join GEA because the problem is,negative
2023-04-08 13:39:44+00:00,mindaart,selamat kepada pemenang ga thr masing2 100 spay silakan dm no shopeepay,Congratulations to the winner of GA THR each 100 Spay please DM No Shopeepay,positive
2023-04-08 12:51:00+00:00,haelovelychan,ak supres pake link thr sama daget yh yg ke 4,A suppress packed link,neutral
2023-04-08 12:10:02+00:00,worksfess,work guys thr kalian cair tanggal berapaa,Work guys THR when is it disbursed what date,neutral
2023-04-08 12:05:35+00:00,iciocaica,kokas midnite sale next week gi midnite sale selamat menghabiskan thr nya manteman â¤ï¸ğŸ«°ğŸ½,Kokas Midnite Sale Next Week Gi Midnite Sale Safe to Spend Thr Manteman â¤ï¸ğŸ«°ğŸ½,positive
2023-04-08 11:33:36+00:00,kangsoul__,bocil bisa lepas losss wis ga mikir mbuh mau sahur apa mbuh mu ada lebaran mbuh mau ada takbiran mbuh mau ada piknik baju baru wisit helehh ga nguruss pokoke romadhon saiki momene kudu senengÂ² urusan thr rasah dipikir besok dipikir besok akire vibese muncul dewe,Bocil Can Free Loss Wat Thing Mbuah Want To Mbuh Mu Why To Mad Romadhoken Momel Moments Knowing To Get Yourself Thr Tool Tom,neutral
2023-04-08 11:25:11+00:00,dwsrmlna,para beban kerja kagak tapi selalu jadi garda terdepan minta thr ğŸ˜®â€ğŸ’¨ pdhl yg kerja jg belom tentu udh dapet thr,"The workloads are not but always the forefront of asking for THR ğŸ˜®â€ğŸ’¨ pdhl who work too, of course I have got a THR",neutral
2023-04-08 11:21:36+00:00,Yourgodmother13,emak kapan bagi thr hilalnya masih ketutup awan kinton lagian anak anak gua udah pada makmur jadi gak perlu thr dari emaknya iya gakğŸ˜ğŸ˜,"Mother, when for the hilane, the hilance is still covered by Kinton's clouds anyways, my children are already in prosper",neutral
2023-04-08 11:17:53+00:00,cermateguh,waaduh kang palak eh kumpulan orang cinta negara pada nyebar surat wajar sih lagi puasa gini hajatan dikit bahkan hampir gada dateng ke masjid paling banter dapet gorengan demi lebaran dengan rendang surat tagihan thr pun ku sebarkan,"Waaduh kang palak eh a collection of people love the country in spreading a fair letter again, fasting like a little celebration, even almost a lot to go to the mosque at most get fried food for the Eid with the rendang of the THR billing letter, I distributed",positive
2023-04-08 09:49:51+00:00,pnsdaerahjelata,ekonomi jumbo bayar thr pns 50 chuaakkk,Jumbo Economy Paying THR PNS 50 Chuaks,neutral
2023-04-08 09:25:00+00:00,worksfess,wrk nangis 300rb buat sebulan ke depan udahmah belum ngasih thr buat ponakan sekarang motorku juga rusakğŸ˜­,"Wrk crying 300 thousand for the next month, I haven't given a THR for the niece now my motorbike is also broken",negative
2023-04-08 08:20:47+00:00,txtfrom1989,mau sedih tapi thr udah cair,I want to be sad but the THR is already liquid,negative
2023-04-08 06:30:54+00:00,CappucinoNdeso,saya setuju ormas yg suka mintamalak dan minta thr kewarga sebaiknya ijinya di coret sajakarena sdh melenceng dari kaedah pendirianya dulu,I agree that mass organizations who like to ask for divorce and ask the THR to residents should be permitted to be caught in the pakjaksena because they have been deviated from Kaedah their establishment first,neutral
2023-04-08 06:13:17+00:00,igiveawaykri,sumbangkan 1 like kamu di pinnedğŸ“Œ dan semoga tahun ini lebaran bisa bagi2 thr sama keluargaâ¤ï¸,Donate 1 like you in PinnedğŸ“Œ and hopefully this year Eid can share THR with familyâ¤ï¸,positive
2023-04-08 06:02:52+00:00,MelesetDikit,kenapa thr hanya cair 50 duitnya masih dipinjam koruptor sabar yaa ingat bulan puasa harus ikhlas kalau gak ikhlas bisa batal puasanya bukan thrnya ğŸ˜ğŸ˜,Why is the THR only 50 money is still borrowed by corruptors patiently remember the fasting month must be sincere if not sincere can be canceled fast not the THR ğŸ˜ğŸ˜,negative
2023-04-08 05:29:30+00:00,adenan_abdilla,gimana gambaran thr tahun ini saudara2 jadi mudik kah jangan lupa selain baju lebaran ada biaya penitipan kucing yang harus disiapkan ğŸ˜…ğŸ˜½,"What is the picture of the THR this year, you're going home, don't forget that in addition to Eid clothes, there is a cost of care for cats that must be prepared ğŸ˜…ğŸ˜½",neutral
2023-04-08 04:50:08+00:00,convomfs,udah mau deket lebaran tapi kok thr belum ada yang masuk ya,"I want to be near Lebaran, but how come there's no THR has come in",negative
2023-04-08 04:02:54+00:00,loveforyujin,baikkkk banget dulu pertama kenal kirain orang indo eh tautau orang malaysiaâ€¦ its so random and funny tapi kamu fasih banget bahasa indonya oh iya mana kemarin mau tukeran thr tapi akunya lupa mata uang kita berbedaâ€¦,"It's really good, I first got to know the indo people, eh Tautau Malaysian ... its so random and funny, but you are very fluent in the Indonesian language oh yeah where yesterday I wanted to exchange THR but I forgot that our currency was different ...",positive
2023-04-08 03:46:36+00:00,Lqrqs,kalo buat pegawai lingkungan mah no problem malah seneng satpam jaga portal ronda pak sumbangan masjid jg ayo tp kalo sampe ormasâ€¦ hhhhh lau sokappppp lo minta2 thr hobi bikin panggung nutup jalan malak parkir di alfamart ga bantu warga,"if for environmental employees, no problem, even the security guard is to guard the portal, the donation of the mosque is, but if you go to the mass organization ... hhhhh lau sokapppp.",neutral
2023-04-08 03:07:20+00:00,champagneojan,sumpah deh daripada ngasi thr ke sodara yang nggak dikenal mending dipake buat nambah tattoo duitnya ğŸ’€ğŸ˜­â€¼ï¸ like who and whyâ€™d want my money ğŸ« ğŸ« ,"I swear instead of giving THR to an unknown brother, it's better to use the money to add the money ğŸ’€ Getâ€¼ ï¸ Like Who and Why 'Want My Money ğŸ« ğŸ« ",neutral
2023-04-08 03:00:00+00:00,ShopeeID,sobat shopee jangan lewatkan shopee big ramadan sale promo mudik terbesar tanggal 1011 april belanja semua kebutuhanmu dan nikmati promo flash sale akbar rp1 gratis ongkir super dahsyat dan thr kaget 15m,Friend Shopee Don't Miss Shopee Big Ramadan Sale The Biggest Mudik Promo Promo on 1011 April Shopping All Your Needs And Enjoy Promo Flash Sale Akbar Rp1 FREE SUPER SUPER DAHSYY,positive
2023-04-08 00:53:28+00:00,apamungkasa,akhir bulan udah lebaran kalian udah siapin template jawaban dari pertanyaanpertanyaan yang â€˜memuakkanâ€™ itu,"At the end of the month, your Eid has prepared the answer template from the questions that are 'sickening'",negative
2023-04-08 00:12:55+00:00,anaklengkong,mereka paling berjasa kalo mereka ga kerja thr gaji kalian ga akan cair,"They are the most meritorious if they don't work your salary, your salary will not be disbursed",neutral
2023-04-07 22:19:42+00:00,ichaakartika__,lebaran bentar lgi dan pasti pertanyaanâ€ begini bkln muncul â€¢calonnya mana kapan nikah â€¢udah nikah kan udah isi belom â€¢anaknya udah gede gamau dikasih adek â€¢kerjanya dimana â€¢abis sekolah mau lanjut kuliah dimna drpd nanya mah aslinya mending ngasih thr aja ga sih â˜ºï¸,"Lebaran for a while and surely the question ""like this, how come the candidate is when the candidate is marriage.",neutral
2023-04-07 21:46:18+00:00,huniamania,bener gue ex fampb 2th pas bulan puasa yg bikin berasa bangeeet kerja orangorang dateng mepet pas mau buka tapi minta duluan sedangkan pengunjung awal banyak yg belum siap pas dapet thr ga sesuai sama capek wkwk boss pribumi lebih kejam daripada cyna,"Really, I ex FAMPB 2th during the fasting month that makes me feel like the work of the people comes tight when you want to open but ask first while the initial visitors are not ready when you get the THR in accordance with the same fatigue, the indigenous boss is more cruel than Cyna",negative
2023-04-07 21:38:15+00:00,Iunatico_feliz,mau bagibagi thr total rp24000000 buat 8 peserta paling rajin dan paling,want to share a total THR of Rp24 000000 for the 8 most diligent and most diligent participants,positive
2023-04-07 21:13:40+00:00,Iunatico_feliz,lagi mau bagibagi thr total rp24000000 buat 10 peserta paling rajin dan paling beruntung nih,I want to share the total THR total Rp24000000 for the 10 most diligent and luckiest participants,positive
2023-04-07 20:34:57+00:00,DOITSMARTWAY,ekonomi jumbo tapi thr hanya ngasih 50 kasihan menteri satu ini semakin lama semakin tidak memiliki arah dalam menyampaikan informasi ke publik,Jumbo economy but THR only gives 50 Poor Minister This one is increasingly having no direction in conveying information to the public,negative
2023-04-07 17:39:18+00:00,MisterPotato_ID,gokil banyak yg ikutanğŸ¥º mister umumin bagi2 thr day 1 ditutupğŸ¤¯ğŸ‘ pemenang bakal mister reply langsung dan cek dm pas sahur nanti amigos yang belom sempet ikutan dan menang besok maseh ada lageeee,Many crazy people who follow the Mister annums for the Thr Day 1 closedğŸ¤¯ğŸ‘ winner will be a direct Mister Reply and check DM when the dawn will later amigos who hasn't participated and wins tomorrow the Lageeee is lageeee,neutral
2023-04-07 17:33:17+00:00,jumintenkoplak,besok mau bagiÂ² bensin ke 10 org buat yg ojol yg jualan yang blm thr an yg ga dpt thr yang dan yang pantengin ya inshaallah rejeki kmn,tomorrow I want to share gasoline to 10 people for those who sell ojol who have not been a THR that can not,neutral
2023-04-07 15:07:21+00:00,ruliemaulana,thr itu kewajiban bagi yang memperkerjakan ada yang ga tau kalo satpam komplek itu yang memperkerjakan adalah warga malah kelewatan anehnya,THR is an obligation for those who employ some who don't know that the security guard who hires is that the residents are even strange,negative
2023-04-07 13:50:58+00:00,RelawanNusanta1,ada orang bpk jugangerik ini mah baku atur buat bagi2 thr ala bupati katrok,there are people who are also also set in this standard for sharing THR Ala Katrok Regent,neutral
2023-04-07 12:48:40+00:00,mantriss,kalau tanggal segini sudah dapat thr tetapi hampir habis apakah juga bisa mengadu ke posko,If this date can get THR but almost run out of whether it can also complain to the post,neutral
2023-04-07 12:12:37+00:00,Migran_TV_7777,ini negara terbaik meski honorer tanpa thr,This is the best country despite honorary without THR,positive
2023-04-07 12:01:42+00:00,AhmadMuhtar_98,wajar banget beliau pake tas branded beliau istri seorang presiden anggota g20 istri presiden coy masa pake tas kresek indomaret yang seharga 5000 perak perkara rakyat miskin melarat gak dapet thr ya bodo amat salah sendiri jadi rakyat koq miskin ğŸ˜ğŸ¤£ğŸ˜ğŸ¤£ğŸ¤£,"It is very natural that he uses branded bags, his wife is the wife of a president of G20, the wife of the president, coy, when we use the Indomaret plastic bag, which costs 5000 silver, the poor people don't get THR, so Bodo is very wrong, so the people are poor ğŸ˜ğŸ¤£ğŸ˜ğŸ¤£ğŸ¤£",negative
2023-04-07 11:12:12+00:00,dhemit_is_back,awas aja nanti ya fix kenal ulty babe soale ngajak buber thr on the way,"Just watch out later, Fix knows Ulty Babe, I will invite to baber THR on the way",neutral
2023-04-07 11:10:59+00:00,bengkeldodo,hemmmm aku mau minta thr lah,Hemmmm I want to ask for THR,neutral
2023-04-07 10:22:26+00:00,Santzjs,sapa mau thr,Who want THR,neutral
2023-04-07 10:06:07+00:00,SVGARR42K,duhhh aroma aroma thr nii svgar siap menerima ğŸ¥³ğŸ¥³ğŸ¥³,Duhhh Aroma Aroma THR NII SVGAR is ready to accept ğŸ¥³ğŸ¥³ğŸ¥³,positive
2023-04-07 09:27:55+00:00,Papa_aji,tiap ramadhan pasti ada ott kasus thr belum kah minggu2 terakhir biasanya,"Every Ramadan there must be an OTT case of the THR case, not yet the last week usual",neutral
2023-04-07 09:21:48+00:00,xboripx,dapat thr ya itu hak tapi sumber uangnya bila berasal dari cara minta kayak gini ya malah jadi pertanyaan dan polemik idealnya sudah jadi kesepakatan dan mufakat diantara pemerintah dan warga nya agar tidak ada yg merasa didzalimi,"get a THR yes it is a right but the source of money if you come from how to ask like this, but it becomes a question and the ideal polemic has become an agreement and consensus between the government and its citizens so that no one feels wronged",neutral
2023-04-07 09:12:46+00:00,Degrees_OFC,break time stay tune terus yaa untuk sesi kedua kita bakal balik setelah ini masih banyak ga dan thr gess,Break time stay tune continues for the second session we will return after this there are still many GA and THR gess,neutral
2023-04-07 09:11:18+00:00,haihaarf,dulu tinggal di cluster lama jg cuma dua poin itu sih petugas keamanaanampkebersihan pengurus rt dawis itu minta thr emang aneh tp yg lebih aneh lg kalo di datengin ormas minta thr sih semenjak pindah ke cluster lebih elit uda ga ada sumbangan gini lg,"In the past, I lived in the old cluster, there were only two points, the officers of the RT Dawis administrators asked for the THR, but it was strange, but it was stranger, if he was on the mass organization, I asked for the THR since moving to the more elite cluster, there was no contribution like this, there was no contribution",neutral
2023-04-07 08:55:15+00:00,rgoseh,mau bagi bagi thr 20k dana buat dua orang rt aja reply yang baik baik buat tahun ini,Want to share THR 20K funds for two RT people who are good good for this year,positive
2023-04-07 08:50:00+00:00,indomyfess,idm aku kasihan banget sama taehyung di saat bts solo karir semua buat lagu tapi taehyung harus magang di restoran mana gak dapat cuti thr lebaran juga belum tntu dapat kasian bgtğŸ˜­,IDM I really feel sorry for Taehyung when BTS Solo career all for songs but Taehyung must be an internship at the restaurant which can't leave the Eid THR also has not been able to feel bad,neutral
2023-04-07 08:46:17+00:00,dilahsyawal,kok bisa suka sama sepupu yg dari kecil hampir tiap thn atau minimal 2 thn sekali ketemu pernah bobo bareng mandi bareng dimarahin bareng habisin uang thr jajan ga penting pokoknya semua aibnya ditau ngapain disukain,"How can you like a cousin who from childhood almost every year or a minimum of 2 years once met once a bobo together to take a shower together with the money finished money, the money is not important.",negative
2023-04-07 08:45:00+00:00,EJAVofficial,sedih cok baru gajian trus dapet thr tapi ga ada yang dijajanin ada dom sby yang mau jajan bareng aku m2x btw,sad cok just pay and then get a THR but there is nothing that is tailed with Dom SBY who wants to snack with me m2x btw,negative
2023-04-07 08:35:01+00:00,Yoionoh,ã€â€¢â€¢â€¢â€¢ã€ding dong your package has arrived to bang aden message for you dah beliin thr wat lebara nih biar rumah lu ada pajangannya yh smâ€ from,ã€â€¢â€¢â€¢â€¢ã€ Ding Dong Your Package has Arrived to Bang Aden Message for You Already Buy Thr wat Lebara so that your house has a display,neutral
2023-04-07 08:24:51+00:00,salima252lagi,zakat fitrah dipaksa per rumah minimal 3 org per rumah dan mesti beli beras ke musholla ya aneh satpam tukang sampah wajar dikasih thr pengurus rt mereka digaji kok 225 setiap bulan,"zakat fitrah is forced per house at least 3 people per house and must buy rice to the mosque, yes weird the security guard is a reasonable garbage, given the RT management",negative
2023-04-07 08:13:52+00:00,bayu_joo,dewasa level mau lebaran ngga mikirin baju baru tapi mikirin thr buat keponakankeponakan,mature level want to Eid not thinking about new clothes but thinking of THR for my nephew,neutral
2023-04-07 08:13:09+00:00,pejabrut,kalian tim belanjain online atau on the spot ğŸ–ï¸,You are shopping for online or on the spot ğŸ–ï¸,neutral
2023-04-07 08:00:01+00:00,EJAVofficial,cok ada yang mau staycation dapet thr khusus dom sby ya rep this post aku 25,"cok anyone wants to staycation get a special THR Dom SBY, REP THIS POST MY 25",neutral
2023-04-07 07:23:12+00:00,OpaJoe_de_Queen,wiihhh sangar thr nya dobel kayaknya ğŸ˜…ğŸ˜…ğŸ˜…ğŸ˜…,"Wiihhh, the thrr is double, I think",neutral
2023-04-07 06:41:23+00:00,hongjisoohoon,punteun pak dikondisikan juga ormas yang suka mintaminta thr kesetiap ruko menjelang lebaran terus kalo ga dikasih marahmarah ğŸ‘ğŸ»,Punteun Pak is also conditioned mass organizations who like to ask for THR every shop before Lebaran continue if not given angry ğŸ‘ğŸ»,neutral
2023-04-07 06:12:08+00:00,justiceriots,maaf ya sepupusepupu ponakanponakan uang thr kalian tahun ini 20ribuan aja ya soalnya thr mau buat jaga jaga beli tiket coldplay jakarta kalo beneran jadi this year uhuyğŸ˜ƒğŸ™ğŸ¼,"Sorry, cousins of cousins of your niece of your money, this year, this year, only 20 thousand, because the THR wants to take care of the Coldplay Jakarta ticket if you really become this year uhuyğŸ˜ƒğŸ™ğŸ¼",neutral
2023-04-07 05:45:55+00:00,Aeringakak,â—ï¸giveaway for exolâ—ï¸ utk annive exo ke 11 mimin mau ga lg nih khusus buat erina pastinya ada 8 winner yg bakal mimin spin utk mndapatkan 1 spay 25k 2 spay 15k 38 spay thr caranya 1 likertfollow 2 rep caption exo 11th anniversary 3 sertakan bukti ss no1,"â—ï¸GIVIVEAWAY FOR EXOLâ—ï¸ For Annive EXO to 11 Mimin, I want it, specifically for Erina, of course there are 8 winners who will mimin spin to get 1 spay 25k 2 spay 15k 38 spay thr How 1 Likertfollow 2 Rep caption EXO 11th Anniversary 3 Include SS proofnumber 1",neutral
2023-04-07 05:40:02+00:00,worksfess,work guys kalo g4jii kalian pas2an di perantauan dan hanya dapet thr 500k dr perusahaan kalo kalian jd gue pas pulkam kasih thr ke keponakan atau ngga soalnya utk beridup disini gue jg kdg utang,Work guys if your G4JII is pas2an overseas and only get a THR 500K from the company if you are so Pulkam gives THR to my niece or not the problem is to live here I am also a debt,negative
2023-04-07 05:15:00+00:00,worksfess,work umur 24 tahun belum pernah ngerasain dapet thr karena belum pernah bertahan kerja di kantor yg sama dari ramadhan ke ramadhan berikutnyağŸ¥²ğŸ™,24 -year -old work has never felt a THR because he has never survived work in the same office from Ramadan to Ramadhan nextğŸ¥²ğŸ™,negative
2023-04-07 04:38:26+00:00,leleyleley,alhamdulillah udah beres bagibagi thr ke pelanggan leganyaaaaaaaa sekarang tinggal nunggu dapet thr dari supplier,"Alhamdulillah, it's been settled for the THR to the reliable customer, now I just have to wait for the THR from the supplier",neutral
2023-04-07 04:18:32+00:00,Talang_69,menerima thr dalam bentuk ovogopayshopeepaydana transfer antar bank juga menerima no rek bisa dibicarakan lewat whatsapp,Receiving THR in the form of Ovo Gopay Shopeepay Interbank Transfer Funds also receive account number can be discussed via WhatsApp,neutral
2023-04-07 03:34:14+00:00,ganjarpranowo,kami sudah menurunkan tim pengawas yang tersebar di 6 satuan pengawas ketenagakerjaan harapannya semua perusahaan atau tempat kerja bisa melaksanakan kewajibannya masingmasing terkait thr posko pengaduan thr ditutup tanggal 13 mei 2023 catat ya,"We have deployed the Supervisory Team spread across the 6 Manpower Supervisory Units, it is hoped that all companies or workplaces can carry out their respective obligations related to THR THR Complaints Post Closed on May 13, 2023",positive
2023-04-07 03:15:48+00:00,hn256_,âœ¨tanggal merah amp jumat berkah hai guys kali ini di bulan ramadhan spesial bentar lagi mau lebaran aku mau bagi thr buat 2 orang yang beruntung syarat nya 1 rt like amp follow acc 2 rep dengan meme paling lucu menurut kalian yuk gass amp end setelah tarawih,"âœ¨ Red dated Amp Friday Blessings hi guys this time in the month of Ramadan special again soon I want Eid I want to share the THR for 2 people who are lucky the conditions are 1 RT Like Follow ACC 2 REP with the funniest memes according to you, Gass Amp End after tarawih",positive
2023-04-07 02:00:00+00:00,ShopeeID,jangan lewatkan keseruan promo shopee big ramadan sale promo mudik terbesar di promo puncak 1011 april kamu bisa belanja segala kebutuhan kamu dari berbagai brand yang keren banget dengan promo spesial flash sale akbar rp1 gratis ongkir super dahsyat dan thr kaget 15m,"Don't miss the excitement of the Big Ramadan Sale Shopee promo, the biggest homecoming promo at the Puncak 1011 Promo, you can shop for all your needs from a variety of cool brands with special Flash Sale Akbar promos of Rp1 free postage Super Dahsyat and THR is surprised 15m",positive
2023-04-07 01:43:23+00:00,husninidhom,jika minta maaf saya maafkan jika minta thr saya minta maaf,If I'm sorry I forgive if I ask for a THR I apologize,neutral
2023-04-07 00:53:11+00:00,jinlautselatan,bagi bagi thr buat 5 orang yang nggak puasa hari ini caranya retweet komen amp tag dua orang teman kalian dan follow nanti abis buka bakalan di undi,For THR for 5 people who are not fasting today the way to retweet comments amp tags two of your friends and follow later after opening it going in Undi,neutral
2023-04-06 23:20:01+00:00,GAHunterFess,hope butuh thr jalur ga teruntuk semua picker dimohon kerjasamanya ğŸ¤ğŸ»,Hope you need a THR path for not all pickers for cooperation ğŸ¤ğŸ»,neutral
2023-04-06 22:19:40+00:00,Iunatico_feliz,give away saldo 1 juta siapapun boleh ikutan siapa yg blm dpt thr sesuai janji bln lalu aku mau ga lg pemenangnya 5 orang masing 200k syaratnya follows my instagram acount like rt done,Give Away Balance 1 Million Any anyone can follow who hasn't been able to get the year according to the promise then I want to be the winner of 5 people each 200,neutral
2023-04-06 22:10:02+00:00,tanyakanrl,orang doyan amat pada pamer dapet thr atau dikasih pasangannya thr sih aku yg jobless ini kan jd sedih ga ada yg ngasihğŸ˜­ğŸ™ğŸ»,"People are very fond of showing off the THR or given their partner THR, I'm the Jobless, so it's sad that no one gives",negative
2023-04-06 21:51:11+00:00,krisnodaelan1,mereka enak ya lebaran dapet thr gede,"They are delicious, Eid get big THR",positive
2023-04-06 21:50:26+00:00,fit_fitri_sw,giveaway saldo dana 10k buat 1 orangğŸŒ» rt only via,Giveaway 10K Fund Balance for 1 person ğŸŒ» rt only via,neutral
2023-04-06 21:11:09+00:00,hahahingang,demi thr aku rela menyepong bosque,For the sake of THR I am willing to keep bosque,positive
2023-04-06 19:54:05+00:00,pppkguru,pack saia honorer beberapa daerah sudah menawarkan beberapa solusi ada jang tetap ngasi thr ada jang meminta ke asn untuk swadaya ada jang engga cukup anggaran saia rasa kepsek engga bakal diem adja tinggal gimana para asn di sana,"SAIA HONORER PACK Some regions have offered several solutions to be still not necessarily THR there is a jang asking to ASN for self -help there is not enough budget that the principal will not be silent, how about the ASN there",neutral
2023-04-06 19:54:04+00:00,pppkguru,qna thr asn guru pack saia asn guru jang sudah tersertifikasi dan didaerah saia dapat tpp sejuta apa saia dapat 50 tpg engga tapi dapat tambahan 500rb dari 50 tpp daerah saia pns guru ada tpp p3k nja engga tapi saia ada serti dapet brp 1450,"QNA THR ASN Teacher Pack Saia ASN Teacher Jang has been certified and in the area of SAIA can be a million TPP, what can I get 50 TPG but can be an additional 500 thousand from 50 regional TPPs, SAIA PNS Teachers, there is a P3K TPP, but there is a number of 1450",neutral
2023-04-06 19:26:34+00:00,SnehaSa5447953,for me thr fv momnt not in bb its 25 yrs jurny rmbr the 1st fight in bb hus for abdu whn at ngt pri said let it be anki bb bad na tu mujhe roz dikhega na main rahpaungiabb main tujhe waise touch vi nhi krti kuyn ki wo feel hi nhi ati main wo sab daba dia kuyn ki sab,For me thris fv momnt not in bb its 25 yrs jurny rmbr the 1st fight in bb hus for abdu whn at ngt pri said let it be anki bb bad na tu mujhe roz dikhega na maingabb maingiabb maineFeel hi nhi ati main wo sab daba dia kuyn ki sab,neutral
2023-04-06 18:27:35+00:00,Iunatico_feliz,siapa yg blm dpt thr,who hasn't been able to,neutral
2023-04-06 18:24:41+00:00,Iunatico_feliz,give away saldo 1 juta siapapun boleh ikutan siapa yg blm dpt thr sesuai janji bln lalu aku mau ga lg pemenangnya 5 orang masing 200k syaratnya mbf instagram like rt doneğŸ’›,Give Away Balance 1 Million Any anyone can follow who hasn't been able to get the year according to the promise then I want to be the winner of 5 people each 200,neutral
2023-04-06 17:32:03+00:00,Iunatico_feliz,give away saldo 1 juta siapapun boleh ikutan siapa yg blm dpt thr sesuai janji bln lalu aku mau ga lg pemenangnya 5 orang masing 200k syaratnya like rt done,Give Away Balance 1 Million Any anyone can follow who hasn't been able to get the year according to the promise then I want to be the winner of 5 people each 200K conditions like RT Done,neutral
2023-04-06 16:21:05+00:00,Iunatico_feliz,rp500000 dana kaget thr rt like done,rp500000 dana kaget thr rt like done,neutral
2023-04-06 16:20:48+00:00,swextdemon,mauuu giveaway enaknya skincare makeup thr aja buat jajan,Want to giveaway the delicious skincare makeup THR for snacks,positive
2023-04-06 16:14:12+00:00,makdooongie,nanti idul fitri aku dapet thrnya gausah uang deh dapet thr seunghwan jiwoong shanbin debut aja udah seneng harus paket lengkap 3 orang jangan kurang please aku mohon,"Later, Eid I can get the THR, I don't bother, I got the Thr Seunghwan Jiwoong Shanbin, just debuting, I have to be happy, I have to pack a complete package of 3 people, don't be less please please, I beg for",positive
2023-04-06 16:10:34+00:00,cursedkidd,ngasih thr ke syp ya bingung,"give THR to the syp, confused",neutral
2023-04-06 14:09:33+00:00,UN__Writes,han alhumdulliah ğŸ¤§ğŸ˜‚,hana alhamdulillah ğŸ¤§ğŸ˜‚,neutral
2023-04-06 13:23:13+00:00,Protestan_GL,april ini full senyum buat kita uda dosa dihapuskan dpt pahala dpt thr pula kalo cuma dpt teh aerğŸ¤­,this April is full of smiles for us to be eliminated to be rewarded and then only tea aerğŸ¤­,positive
2023-04-06 13:10:36+00:00,nunew_withyou,uang thr nya pake buat beli photobook znn wahahahhağŸ˜­ğŸ˜­ğŸ˜­ğŸ˜­ğŸ˜­,The THR money uses to buy Photobook Znn Wahahahhacription,neutral
2023-04-06 12:58:26+00:00,jwisung02,giveaway berkah untuk anak rp thr â€¼ï¸2jt buat 20 orang masing2 100kâ€¼ï¸ caranya rt like tweet ini follow akun ini rep foto chara sambil senyum siapapun bebas ikut yang penting anak rp end sampai tanggal 2223 april,Giveaway Blessing for Children RP RP THRâ€¼ ï¸2Jt for 20 people each 100kâ€¼ ï¸ How RT Like Tweet Follow this account Rep photo of Chara while smiling anyone who is free to join the important child Rp.,positive
2023-04-06 12:27:59+00:00,loveyoufikkk,inpo thr nya kack,The thrown thrown information is a band,neutral
2023-04-06 12:22:39+00:00,HaiHaf,min tarik tunai di teller bank bni tapi dengan uang baru pecahan 2k 5k 10k buat thr apakah bisa,"Min, cash withdraws at BNI bank tellers but with new money 2k 5k 10k for THR can",neutral
2023-04-06 12:21:59+00:00,jellypinkbery,knp ya yg dpt thr tu kebanyakan anak anak kicikk pdhl kita yg udh tua tpi blm kerja ini juga perluğŸ¥²,why can you get the THR most of the children kicikk pdhl we are already old but not yet work this is also necessaryğŸ¥²,neutral
2023-04-06 12:20:32+00:00,noni_nitha,hamas sepertinya setiap tahun menjelang lebaran berbuat spt itu mungkin cari thr,Hamas seems to be every year before Lebaran doing SPT it might be looking for a THR,neutral
2023-04-06 11:37:51+00:00,Rudiyanto_zh,ingat angka di atas itu per tahun kalau asumsi sebagai gaji bulanan maka dibagi 13 krn ada thr contoh dki jakarta rp 301 jt 13 rp 23 juta jika gaji gross anda sebelum potong pajak di atas itu selamat anda di atas rata2 kalau di bawah mari berusaha lebih keras lagi,Remember the number above is per year if the assumption as a monthly salary then divided by 13 because there is a THR example of DKI Jakarta Rp. 301 million Rp. 23 million If your gross salary before cutting the tax above is safe.Again,neutral
2023-04-06 11:24:22+00:00,AlloBankID,tunggu mimin dapet thrğŸ‘ğŸ¼,Wait for Mimin to get thr.,neutral
2023-04-06 11:24:02+00:00,Waras4ever,apbn sehat tapi giliran byr thr asn gak full alesan perekonomian indonesia saat ini yg tdk memungkin membayar thr full,APBN is healthy but it is the turn of byr THR ASN is not full of the Indonesian economy at this time which is not possible to pay the full THR,negative
2023-04-06 11:23:08+00:00,faixxiy,nah beeru nah kuj nai hondaa bss ab apne aik aik kar ke nahi sahi wala jwb dena haiğŸ˜‚ğŸ˜‚warna ğŸ’”ğŸ¥²,nah beeru nah kuj nai hondaa bss ab apne aik aik kar ke nahi sahi wala jwb dena hai dana hai da hai daarna ğŸ’”ğŸ¥²,neutral
2023-04-06 11:21:06+00:00,faixxiy,bssh allah hidayat de ameen ğŸ˜‚ğŸ˜‚ğŸ¤²,BSSH Allah HIDAYAT De Ameen ğŸ˜‚ğŸ˜‚ğŸ¤²,neutral
2023-04-06 11:18:49+00:00,faixxiy,heheh bhaii asal me precious cheezein ese he rakh de jati jaisa kah ap hain sa xiada precious ğŸ˜‚ğŸ˜‚,Heheh bhaii asal me precious cheezein ese he rakh de jati jaisa kah ap hain sa xiada precious,neutral
2023-04-06 11:18:27+00:00,deluvanese,di grup pd brantem sama kepsek katanya gaada thr karena taun2 lalu gadikasi thr juga eh nyaut guru lama katanya pernah dikasi thr karpet sama taun kmren lg dpt bingkisan ksian blom bsa ngerasain thr jd guru tk wkwk kepseknya aneh pelit lagi wkwkwkwkwk,"in the PD Brantem group and the principal he said there was no THR because then the THR was also a gadikan, eh, the old teacher said he had been given a carpet with the same thing, I could get a gift from the Ksian yet, it could not feel the THR so the Kindergarten teacher was strange again.",neutral
2023-04-06 11:17:35+00:00,asmarakacau_24,orang lain pada terima thrkalau aku terima kamu apa adanya kok,other people receive THR if I accept you as it is,neutral
2023-04-06 11:17:30+00:00,faixxiy,hehehe seedha jawab dia naeem bhai ne kuch xiada he seedha walağŸ˜‚ğŸ˜‚,Hehehe Seedha Jawab Dia Naeem Bhai Ne Kuch Xiada He Seedha Wala,neutral
2023-04-06 11:15:50+00:00,faixxiy,shayad usa ap sa kuch xiada lagao ho gia tha jo dosri list me dal dia usneğŸ˜‚ğŸ˜‚,Shayad usa apa kuch xiada lagao ho gia tha jo dosri list me dal dias usnee,neutral
2023-04-06 11:14:15+00:00,kominfo_jtg,kalau ada perusahaan yang nakal misal tidak membayar atau mencicil pembayaran thr laporkan saja via posko thr jateng 2023 aduan amp konsultasi dapat dilayangkan di no 0812 2224 9500 layanan konsultasi 0813 2845 1596 layanan aduan bisa juga lapor via aplikasi,"If there is a naughty company, for example, not paying or paying payments THR payments, just report via the Jateng 2023 THR post, AMP Consultation complaints can be posted at 0812 2224 9500 Consultation Services 0813 2845 1596 Complaints services can also report via the application",neutral
2023-04-06 11:07:46+00:00,tusiiif,pta nai,Further yes,neutral
2023-04-06 11:05:59+00:00,tusiiif,bilkul gussa wali koi bat nai,Anything angry,negative
2023-04-06 10:35:25+00:00,YourHunny91,wajib beli beras di mushola tsb kebayang kan harga berasnya brapa wkwkw gilee udah duit thr zakat beras pula pada ga takut apa ya itu hati nurani ketua mushola yg ttd gimana ga mikir kalo ada warga yg terpaksa dan jdi ga ikhlas berkah kaga jadi dosa,"must buy rice at the mosque, imagine the price of rice, how much the price of the gilee is already money, the zakat is not afraid of what is the conscience of the mosque chairman who is not thinking if there are residents who are forced and don't be sincere blessing to be a sin.",neutral
2023-04-06 10:23:26+00:00,noicelessvgar,siapa mau thr dari aku cepet dm yaaaaa,who wants a THR from me quickly dm yaaaaa,neutral
2023-04-06 10:22:26+00:00,TabraklariNih,info soal libur dan cuti bersama udah dapet info thr kok belum dapet yağŸ‘€,"info about holidays and leave together, I have gotten THR info, how come I haven't got it yet",neutral
2023-04-06 10:16:02+00:00,myshabrina1,tpp januari mpe april blm cair di pemdijelata jogja coret boro2 thr,TPP January to April has not been disbursed at the Jogja Pemdijela Coret Boro2 THR,neutral
2023-04-06 10:09:01+00:00,meruwriter,samaa banget di komplek ku sekarang ditagih buat thr kebersihan 70kkk sebelumnya juga ditagih harus ngasih takjil minimal 40 porsi makanan lebih kasian ke yg ga punya uang sih mana tetangga juga ada yg kerjanya cuma serabutan maksudku kenapa ga seikhlasnya aja,"It's really the same in my complex, now billed for the previous 70kkk cleanliness THR is also billed, I have to give a takjil at least 40 portions of food more sorry to those who don't have money, where there are also neighbors who work only odd jobs.",negative
2023-04-06 10:05:02+00:00,ddeonghoo_nie,karna kangen banget dah lama ga on disiniâ€¦aku mau bagi2 saldo aka thr kecilkecilan sebesar 100k buat total 4 org pemenangğŸ¥°ğŸ«¶ğŸ» syaratnya cukup rt amp rep foto bias kamu aja yaa aku tunggu sampe jam 1900 akan diumumin pemenangnya goodluckğŸ€,because I really miss it for a long time not on here ... I want to share the balance aka a small thr of 100k for a total of 4 winners.,neutral
2023-04-06 10:02:51+00:00,Nur167_waw4,lebih puyeng org yg kena palak kerja sama mereka engga kasih jatah thr iya engga dikasih bisa jd akan ada kejadian engga enak padahal sdh dr tahun kemarin warga lapor ttg ini ke kepolisian tapi blom ada tindakan tegas,"more pursuing people who are affected by their cooperation with their lovers, yes, yes, yes, I can't be given, so there will be an incident that is not good even though last year the residents reported to the police, but there was no decisive action.",negative
2023-04-06 10:00:17+00:00,adakamiofficial,buat yang belum menang bagibagi thr mingguan terakhir dari adakami akan diumumin hari senin 10 april 2023 besok lho buruan ikutan jangan lupa ada total thr rp24000000 di dan rp45000000 di juga ya,"For those who haven't won for the last weekly THR from Adakami, it will be announced on Monday, April 10, 2023 tomorrow, don't forget, don't forget that there is a total THR of Rp24000000 in and Rp45000000 in too",neutral
2023-04-06 09:41:06+00:00,panjianom102,trs thr itu buat siapa ya mbah,Trs THR is for whom,neutral
2023-04-06 09:34:59+00:00,PNS_Ababil,alhamdulilah klunting thr gaji 100 sudah masuk,Thankfully Klunting Thr Salary 100 is already in,positive
2023-04-06 09:34:34+00:00,Anikk0326,mau pulang kampung jauh jdi sekalian tuker buat thr,Want to go home far away from all for Thr,neutral
2023-04-06 09:34:29+00:00,HadaitFiman,memang kasian jg adek2 santri ini sudah 2 kali lebaran tak bisa kita belikan baju baru hanya thr seadanya krn penggalan dana zakat infaqampshodaqoh nya terbatas yg pulang kerumah jg ternyanta sebagian tdk bisa beli krn keluarga jg tidak mampu dalam doa semoga ada kejaiban,"Indeed, sorry for this santri, we have not been able to buy new clothes twice, only a piece of THR is a fragment of the infaqampshodaqoh zakat fund that is limited to the house, too, some of them cannot buy because the family is also unable to pray.",negative
2023-04-06 09:34:18+00:00,Iunatico_feliz,rp500000 dana kaget thr rt like done,rp500000 dana kaget thr rt like done,neutral
2023-04-06 09:15:37+00:00,MisterPotato_ID,pengumuman mister potato bagi2 thr ğŸ¤¯ğŸ‘ pantengin twitt mister besok amigos thr nonstop sampe tanggal 17 april enaknya bagi2 jam berapa ya amigos,Announcement of Mister Potato for Thr ğŸ¤¯ğŸ‘ Pantengin Twitt Mister tomorrow Amigos THR Nonstop until April 17 is delicious for what time Amigos,positive
2023-04-06 09:08:00+00:00,RezaAvanluna,sudah waktunya kita semua pasti bertanya2 thr kapan turun,It's time for us all to ask questions when we come down,neutral
2023-04-06 09:01:45+00:00,poempathic,gausah repot repot kado deh aku gamau kado maunya thr sebulan gaji aja,"I don't have to bother the gift, I don't want a gift, I want to have a month's salary for a month",neutral
2023-04-06 08:34:57+00:00,strayselling,ss wtb japan goods yg bisa nyicil 50kbarang samoe lunas ada ga yağŸ˜­ nunggu thr cair,"ss wtb japan goods who can install 50k goods until paid off there is or not, wait for the liquid THR",neutral
2023-04-06 08:22:52+00:00,irtikcantik,jadi inget cerita om ku jaman kuliah di ugm kost di tempat jelek atapnya bocor prihatin makan cuma nasi bakwan 1 hampir tiap hari jd tukang cuci mobil dan nyetirin dosennya buat nambah cuan kadang ikut penelitian dosen dapet cuan pernah juga dicopet di bis kurus banget,"so remember my uncle's story in college at UGM boarding in an ugly place the roof leaked to eat, just eating only bakwan rice almost every day so a car wash and driving the lecturer to add cuan sometimes participated",negative
2023-04-06 07:37:58+00:00,FisaumiP,anak kecil thr nya byk pdhal kebutuhan yg dewasa yg lebih bnyk ternyata anak kecil itu mudah kena tipu investasi bodong contoh anak aku semua uang dipegang aku tau tau abisğŸ˜­ğŸ˜­,"The child is a lot of the lots of adult needs that are more many, it turns out that the child is easy to get tricky investment for the example of my child all the money is held I know after it",neutral
2023-04-06 07:17:40+00:00,its_xoxosa,gw kalau udah punya pendapatan dan kaya aamiin gw bakal bedabedain thr buat yang belum sekolah yang sd smp sma kuliah gw gedein yang anak kuliah ğŸ™ğŸ»,"if I already have income and rich Aamiin I will be bedabedain THR for those who have not been in school who are in elementary school, high school, my college is big, who is a college child ğŸ™ğŸ»",positive
2023-04-06 07:05:45+00:00,jjongininie,kenapa thr bocil lebih byk dari orang dewasa padahal yg paling byk kebutuhan orang dewasağŸ˜­,Why is there more THR leakage than adults even though the most adult needs are,negative
2023-04-06 06:58:54+00:00,jarangbercanda,jangan lupa bayaran thr karyawan,Don't forget to pay for employee THR,neutral
2023-04-06 06:25:00+00:00,worksfess,work siapa yg thr turun langsung ajuin resignğŸ™,WORK WHO ARE THR DESTROYED DIRECT AJAIN RESIGN,negative
2023-04-06 06:10:44+00:00,mukkbangkeong,biar ga salah paham emailnya aku kasih abis lebaran ya guys pas lokernya buka hrd baru mau ngolah cvnya abis libur lebaran takut kelewat soalnya tgl2 segini pd sibuk ngurus thr sama ngurusin yg pada resign dulu okay nnti bakal coba kirim di workfess jg kok,"so I don't misunderstand the email, I give me after Eid, guys, guys, when the locker is open, I will just process the CV, after the Eid holiday, I'm afraid of being too too much, because the date is busy taking care of the THR and taking care of the one who resigns it, it's okay, I will try to send it to workfes",neutral
2023-04-06 05:26:14+00:00,agannyi,thr hilalnya udah keliataan blm guys,"the hilaneh is already visible yet, guys",neutral
2023-04-06 05:13:31+00:00,Robert79101717,hallo apakah pengurus rtrw boleh minta2 thr dan benar kelurahan menyetujuinya krn ada kop suratnya,Hello whether the RTRW management may ask for the THR and it is true that the kelurahan agrees because there is a letterhead,neutral
2023-04-06 04:45:50+00:00,KuncoroPan84667,judulnya sudah mendeskreditkan satu pihak driver ojol adalah mitra bukan karyawan jadi perusahaan tidak ada kewajiban untuk memberikan thr,The title has discredited one Ojol driver is a non -employee partner so there is no obligation to provide THR,neutral
2023-04-06 04:35:46+00:00,p4piKRiS,mimin cnn mau kompor2in netijen atau gimana nihğŸ¤” dari jadul juga mitra driver ojol emang gak dapet thr krn statusnya mitra bukan karyawan,Mimin CNN wants to compose netizens or what do I have always been ojol driver partners.,neutral
2023-04-06 04:28:33+00:00,rido_trio,baru tau thr itu di minta minta pake surat pemberitahuan begini kirain thr itu hanya dari pemilik usaha terhadap pegawainya,"just found out that the THR was asked to use a notification letter like this, because the THR was only from the business owner against his employees",negative
2023-04-06 04:18:55+00:00,JungleBlade,pantesan hari ini cerah ternyata thr turun,"No wonder today is bright, it turns out that THR goes down",positive
2023-04-06 03:13:46+00:00,aipsun,udah thr ya guys,Already THR huh guys,neutral
2023-04-06 03:01:22+00:00,sbyfess,ngasih ibuku thr duluan dan pengeluaran berat aku yg tanggung biar ga banyak pikiran soalnya bapakku ga bnr eh malah pagi ini diribetin nenek ku dan omtante ku minta uang katanya gabisa makanğŸ™‚ gini amat sandwich gen rek,"gave me my mother first and my heavy expenses were responsible so that there weren't many thoughts because my father didn't bnr eh, instead this morning my grandmother and omtante were asked for money, he said he couldn't eat",negative
2023-04-06 02:51:09+00:00,galantease,jangan datang membawa luka datanglah membawa thr,don't come bring the wound come and bring a thr,neutral
2023-04-06 02:25:01+00:00,worksfess,wrk akhirnya thr cairr gaiss saatnya mencari pekerjaan baruu pengen nunggu bonus tapi kelamaan masih 2 bulan lagi,wrk finally THR LIAHR GAISS is time to find a new job I want to wait for a bonus but over time is still in 2 months,neutral
2023-04-06 01:58:15+00:00,sbyfess,thr mu kapan rek,MU THR WHEN REC,neutral
2023-04-06 01:19:56+00:00,haechaniewatta,thr dia aja ga nyentuh gapok gue as nakes bersyukur aja deh,"Thr, he doesn't just touch my gapok, it is very grateful",positive
2023-04-06 00:38:25+00:00,mftpjo___,buka whatsapp nggk ngarep chat dari siapasiapa lagi cuma ngarep dari seseorang thr buat kamu sudah bapak transfer ya,"Open WhatsApp, I don't want to chat from who else is just NGAREP from someone THR for you, you have transferred",negative
2023-04-06 00:34:15+00:00,YouFive,tiap tahun modus hamas syiah mintain thr ya gini bentar lg ada penggalangan sumbangan,Every year the Hamas Shia mode asked for THR,neutral
2023-04-06 00:23:04+00:00,MHRPZN,manggarai tambah padet asli yang biasanya walau dempetan tapi gak sampek sesek napas gw sekarang milih naik ojol dari kantor jakpus ke rumah bekasi walaupun mahal tapi worth it buat mental gw gapapa mahal thr dah cair wkwk,"Manggarai is added to the original padet which is usually even though it's dipped but not until I breathe now I choose to ride ojol from the Central Jakarta office to Bekasi's house even though it is expensive but worth it for me mentally, it's expensive, THR is already disbursed.",neutral
2023-04-06 00:03:55+00:00,yang_rajin,udah sebulanan lebih gue jadi plt kepala gudang di daerah sini nih daerah emang parah ormas preman warga lokal semua pada minta thr sebagian malah rada maksa lagi seminggu ini tiap hari ada aja yg dateng kasih proposal minta thr,"It's been a month that I have been the Acting Head of the Warehouse in this area, the region is really a severe CSOs for local residents, all of them ask for THR.",neutral
2023-04-05 23:49:05+00:00,satriaoo,pagipagi thr udah masuk aja ğŸ˜£ğŸ˜£ minggu depan gajian kapan ngeluhnya dong iniğŸ˜”,"Morning, THR is just in ğŸ˜£ğŸ˜£ next week pay when you complain about thisğŸ˜”",negative
2023-04-05 23:48:19+00:00,Rainshaa,ga butuh semangat butuhnya thr,No need to be enthusiastic about the need for THR,neutral
2023-04-05 21:24:30+00:00,fauzi_badarudin,kesalahannya 1 rt dan rw bukan unit kerja pemprov dki menggunakan kop surat berlogo jaya raya adalah salah 2 perihal surat pemberitahuan thr isi surat pungutan thr 3 yang ttd seabrek kalo ada pungutan zis sukarela dari kelurahanrt rw cukup kasi liat surat kelurahan,The mistake is 1 RT and RW not the DKI Jakarta Provincial Government Work Unit using the Jaya Raya logo letterhead is one of the Thr Notification Letter of the Contents of THR 3 LETTERS which is signed if there is a voluntary ZIS levy from RW Kelurahan.,neutral
2023-04-05 18:06:57+00:00,sewainmobil_id,kemarin minta gratisan sekarang minta maaf janganjangan besok minta thrâ€¦,"Yesterday I asked for free now apologize, don't ask for tomorrow, ask for THR ...",neutral
2023-04-05 17:12:29+00:00,naufalrizkhy,wajar sih menurut gua asal emang buat ngasih thr ke satpam komplek tukang sampah komplek di rt rumah gua juga gini malah kalau rumah gua suka ngasih thr khusus ke satpam komplek diluar iuran thr ini kalau bukan warga yang patungan itu satpam sama kang sampah thrnya dari mana,"Naturally, according to me as long as it is to give a THR to the security guard of the garbage complex complex in the RT my house is also like this, even if my house likes to give a special THR to the security guard outside the THR contribution if it is not a joint venture.",neutral
2023-04-05 15:59:31+00:00,_mrbeee,katanya abis dapet thr mau resign kok udah 3x lebaran masih disitu ajachuaaksss,"he said after getting a THR, I want to resign, how come it's already 3 times that Eid is still there.",negative
2023-04-05 15:53:24+00:00,petrabarus,thr diganti jadi ada sebagian cash sebagian esop ini rada jahat gak sih banyak yang udah ngarep beli ini itu,"THR is replaced so there are some cash some of these esops rather evil, there aren't many who have already bought this",negative
2023-04-05 15:16:19+00:00,blueskyyy88,kalo dapet thr mau langganan mipy langsung gas trobos pegasus sampe mampus,"if you get a THR, you want to subscribe to the mipy directly, the pegasus trobos gas until it is dead",neutral
2023-04-05 14:46:36+00:00,nasijalang,oi bounty hunter nanti ade thr ade kalung teros adebentar cek lok,oi bounty hunter later ade thr ade necklace the teros adebentar check lok,neutral
2023-04-05 14:31:25+00:00,yourp4inkiller,wah kyk kantor aku wkwk kemarin spv bilang â€œkalo kita ga cepetcepet libur nanti banyak yang minta thr dari ormas sampe desa banyak yang mintain duit mending kita cepetcepet liburâ€ ğŸ˜‚ğŸ˜‚ğŸ˜‚,"Wow, my office is when yesterday SPV said ""If we don't hurry up and take a lot of holidays, many people ask for THR from mass organizations until many villages ask for money, we better go on a holiday"" ğŸ˜‚ğŸ˜‚ğŸ˜‚",neutral
2023-04-05 14:16:48+00:00,radeenaptr,ya allah semoga thr gue byk,"O Allah, I hope my THR is byk",neutral
2023-04-05 14:10:58+00:00,KasbiIndo,terjadi pembiaran pada perusahaan yang sudah berkalikali dan bertahuntahun melakukan pelanggaran mana janjimu menaker ida fauziah kalo thr itu harus dibayar full tidak boleh dicicil,There is omission to companies that have been repeated and years of violating where your promise is to Menakar Ida Fauziah if the THR must be paid full should not be paid in installments,negative
2023-04-05 14:10:55+00:00,KasbiIndo,beberapa karyawan pt win bright saat dikonfirmasi mengatakan dengan kompaknya bahwa karyawan butuh kepastian â€œkami mogok kerja karena upah harus dibayar tanggal 13 diundur tanggal 18 dan itupun belum jelas apalagi uang tunjangan hari raya thr gaji aja belum ada kepastiannya,"Some employees of PT Win Bright when confirmed said that with his comparison that employees need certainty ""We strike because wages must be paid on the 13th postponed on the 18",neutral
2023-04-05 13:02:46+00:00,Maldecena,waduuh ngeri bgt praktek monopolinya wkwk wajib setor thr dan di beri nominal wajib beli beras di musolah matok zakat fitrah per keluarga minimal 3 busettt,Waduuh is horrified by the practice of monopoly required to deposit THR and given a nominal required to buy rice at the Matok Zakat Fitrah per family at least 3 Busettt,negative
2023-04-05 13:00:42+00:00,0tk0il,aku mau bikin shoot video serba serbi perjalanan di desa desa mungil apakah ada pertamina disana gak yes replies wit yor cool desa votos janlup vollovv my son untuk para penjavvap suda disiapken thr kecilkecilan bagi 6 orang kalo thr gedenya nanti deketan leb,"I want to make a shooting video of the Sermbi Trip in the village of the village, is there Pertamina there, not yes replies wit yor cool votos janlup vollovv my son for the penjavvap suda, a small thr.",neutral
2023-04-05 12:49:58+00:00,RyoDMC,dari dulu di rt gw cuma petugas keamanan dan kebersihan aja yang dapet thr warga jg gak keberatan karena tau penghasilan bulanan mereka jg gak seberapa,from the first in the RT I was only a security and cleaning officer who got a THR citizen also did not mind because they knew their monthly income was also not much,neutral
2023-04-05 12:46:16+00:00,masmasjawabgt,mau thr 500rb gakk,Want THR 500 thousand gakk,neutral
2023-04-05 12:01:44+00:00,jaeminpisbar,minta maaf deh ya udah gede gbs ngasih thr lgi gaberes,"I'm sorry, it's already big, I give you any THR, GABERES",neutral
2023-04-05 11:49:36+00:00,Iunatico_feliz,dana kaget thr rt â™¥ï¸,Dana was surprised THR RT â™¥ ï¸,positive
2023-04-05 11:25:37+00:00,dopablooo,ini thr buat kamu 2m simpleloh gaada kah,"This is THR for you 2m simple, isn't there",neutral
2023-04-05 11:01:58+00:00,0tk0il,dari bandung ke pelosok negeri bali lewat jakarta kirakira ngabisin bbm berapa liter guyz tebak yes nanti kukirim thr buat 6 orang janlup vollovv my son ya dese milih pemenangnya dari yang memvollovvnya janlup juga ertelikesloveshare thread early thr ini,"From Bandung to remote parts of Bali through Jakarta, I will spend the fuel, how many liters of guyz guess yes later I will send the THR for 6 people Janlup Vollovv My Son, Dese chose the winner from the vollovv of Janlup and Ertelikesloveshare Thread Early Thr",neutral
2023-04-05 11:00:02+00:00,ShopeeID,jangan lewatkan shopee big ramadan sale promo thr terbesar midnight sale 46 april 0000 0300 wib ğŸ¤©âœ¨ catat jamnya biar gak ketinggalan promo menarik mulai dari gratis ongkir super dahsyat flash sale akbar rp1 hingga thr kaget 15m,"Don't miss Shopee Big Ramadan Sale Sale, the biggest Midnight Sale promo promo 46 April 0000 0300 WIB ğŸ¤©âœ¨ Record the clock so you don't miss the attractive promos starting from the free postage of Super Dahsyat Flash Sale Akbar Rp.",positive
2023-04-05 08:41:26+00:00,CumaDokter,bidan di puskesmas cerita thr lakinya udah cair hayooo tebak profesinya apa yg hari gini gercep bat thrnya,Midwife at the Puskesmas the story of the Thr Laktaknya already liquid Hayooo guessing the profession what is the day like this,neutral
2023-04-05 07:50:02+00:00,worksfess,pns sama isilop udah pada turun thrnya sementara yg work honorer cuma bisa melongo padahal yg input data buat nyairin thr ya yg honorer ini,Civil servants and isilop have come down while those who work honorary can only gawk even though the input of data for this is the honorary,negative
2023-04-05 07:37:49+00:00,myrashafa,ini mah kelewat santai mepet nggak sopan kek dari bahasa tuh nggak sadar kalo lu yg ngutang sorry to say kok bs pede bgt blg â€œpanas ke indomaretâ€ â€œ60 dulu ya sisanya nunggu thrâ€ gws wkwkwk sabar bgt penagihnya,"This is too relaxed, it's not polite from the language, not aware that you owe sorry to say, how come they are so confident, ""it's hot to Indomaret"" ""60 first the rest is waiting for the THR""",negative
2023-04-05 06:56:15+00:00,wifechocohz,padahal buwaaannyyaaakkkk banget bahasan thr yg udah share temen2 hr tiap ramadhan malah ada aja yg share ga heran indo dpt nomor jeblok soal literasi bangsa wkwk,"Even though Buwaaannyyaaakkkk is really the discussion of the THR who already shares friends, every Ramadan, there are even those who share, not surprised that you can get a drop number about the nation's literacy, wkwk",neutral
2023-04-05 06:47:20+00:00,Bukanteguy,mengemis dengan formal sinergi tuh bekerja bersama ini mah yg kerja perusahaan lu kaga ngapangapain terus minta thr kocak makanya kalo mau ringan dan bahagia tuh kerja jangan minta,"begging with formal synergy, working together, this is the one who works your company, you don't want to keep asking for hilarious THR, so if you want to be light and happy",positive
2023-04-05 05:26:59+00:00,cowobangkit,untung thr geus turun euy minggu rek ka bandung rek bukber terus rek sakalian ka pasar baru ka ria busana meli koko dan peci kanggo lebaran,Fortunately thrown weekends want to contact you want to connect with more of the new markets to the new market and peci for the holiday,positive
2023-04-05 05:26:16+00:00,jalurgaza_,negara jatah preman kerja enggak minta jatah thr bikin surat dengan tulisan yang bahkan jelek aja belum mampu bikin cap logo sampai ngeprint surat tapi bisanya malak doang,"State ration of work thugs do not ask for the quota of THR to make a letter with writing that is even ugly, it hasn't been able to make a logo stamp to print a letter but usually it is so bad",negative
2023-04-05 05:16:47+00:00,rahmdess27,waktunya thr time part2 ğŸ˜‡âœ¨ saldo 50k untuk 1 orang saldo 25k untuk 2 orang rules for indomy only rt amp like tweet ini reply proof vote yang sedang berlangsung reply streaming ot7 solo member end sukasuka aku good luck,Time Thr Time Part2 ğŸ˜‡âœ¨ Balance 50k for 1 person Balance 25k for 2 people Rules for Indomy Only Rt Amp like this ongoing proof vote vote.,neutral
2023-04-05 05:00:01+00:00,ShopeeID,sobat shopee jangan lewatkan belanja di shopee big ramadan sale promo puncak 46 april nikmati flash sale akbar rp1 gratis ongkir super dajsyat dan juga thr kaget 15milyar,Friend Shopee Don't miss Shopping at Shopee Big Ramadan Sale Promo Puncak April 46 Enjoy Flash Sale Akbar Rp1 free postage super -America and also THR is surprised 15M billion,positive
2023-04-05 04:30:42+00:00,arohaconfess,arc buat yang belum beli tiket fancon aku doain kalian pada lancar rejekinya dapet thr yang banyakk dan dimudahin biar bisa ikut fancon yukk kita senengseneng bareng 13 mei nantiğŸ¤,"arc for those who haven't bought fancon tickets, I pray for you to smooth the fortune to get a lot of THR and facilitated so we can join fancon, let's get happy together on May 13th.",positive
2023-04-05 03:29:55+00:00,giginpraginanto,tenaga honorer yang tenaganya dibutuhkan tak mendapat thr komisaris bumn yang kerjanya cuma nongkrong dan tebar hoaks selain digaji tinggi juga mendapat thr 100 benarbenar koplo,honorary staff whose energy is needed does not get a BUMN commissioner THR whose work only hangs out and spreads hoaks besides being paid high also get a 100th THR really Koplo,neutral
2023-04-05 03:06:09+00:00,avakorut,gaji belum habis thr mau cair lagiğŸ˜©,"The salary has not been used up, the THR wants to be disbursed againğŸ˜©",negative
2023-04-05 02:40:52+00:00,pejabrut,jangan lupa disisihkan untuk patungan thr honorer zakat dan infaq serta biaya hidup setelah arus balik,Don't forget to be set aside for the Honorary and Infaq Honorary Thr joint venture as well as the cost of living after the reverse flow,neutral
2023-04-05 02:29:35+00:00,ezash,mau kamu pkwt pkwtt ataupun freelance selama kamu udah bekerja lebih dari 1 bulan kamu berhak dapet thr lho anak magang ga dapet yes kecuali sifatnya kebaikan masing2 perusahaan yg mau ngasih ke anak magang,"You want PKWT PKWTT or freelance as long as you have worked for more than 1 month you have the right to get THR, you know, apprentice, you don't get yes except for the goodness of each company that wants to give to an internship",neutral
2023-04-05 02:15:00+00:00,ngalammenfess,thr buat pacar wajib gak oyi,THR for a boyfriend must not be Oyi,neutral
2023-04-05 02:13:27+00:00,PNS_Garis_Lucu,ada yg udah mulai cair thr,Some have started to liquid THR,neutral
2023-04-05 01:40:00+00:00,SmgMenfess2,semangat kerjone ndes sedelok meneh thr cair,The spirit of the springs drowned a while thr liquid,neutral
2023-04-05 01:38:23+00:00,SastroSamin1,honorer itu seperti abdi dalem kraton atau relawan kegiatan sosial tidak ada pos anggaran untuk thr sejak dulu kalo pns dapat thr satu kali gaji separo 50 tpp,Honorary is like a servant of the palace or volunteer social activity there is no budget post for THR for a long time if a civil servant gets a THR one time half a salary of 50 TPP,neutral
2023-04-05 01:04:33+00:00,aewin86,thr asn dipotong 50 tunjangan kinerjanya malah terlalu bermurah hati namanya juga tunjangan kinerja gak ada kinerja gak ada tunjangan cukup gaji pokok aja yang diberikan sbg thr asn,THR ASN is deducted by 50 performance allowances.,neutral
2023-04-04 22:23:02+00:00,wjoko568,breaking news thr ini hanya untuk 8 akun 25k jadi anda jangan terpedaya dengan picknya akun yg berpeluang mendapat thr apabila ada retweet amp replynya okey ğŸ™‹â€â™‚ï¸,Breaking news thr this is only for 8 25k accounts so don't be fooled by picking up an account who has the chance to get a THR when you have a retweet amp reply okay ğŸ™‹â€â™‚ï¸,neutral
2023-04-04 22:02:33+00:00,Eprilia5523,cari thr tambahan gk prduli di bilang pengemis,Find the extra THR gk pruldi in the beggar says,neutral
2023-04-04 21:36:08+00:00,mantriss,di malang ada warga kembali bunuh diri karena teror pinjol pinjol jangankan yang ilegal yang legal saja jika berbunga tinggi akan mematikan sektor riil masyarakat bawah alihalih menjadi penggerak konsumsi uang thr dll lari untuk membayar pinjaman online,"In Malang, there are residents to commit suicide again because of the lending terror, let alone illegal legal only if high flowers will kill the real sector of the community under the mobilization of THR money consumption etc. running to pay online loans",negative
2023-04-04 20:10:18+00:00,Meyonara,hampers udh kelunasin kmrn baju anak udh beres tnggal beli baju buat ibuampadik anak2 tmnku udh sebagian kebagian thr kecil2n tnggal bagiin thr ponakan dikampung aja thx god buat rejekinya dibln lalu smpe detik iniğŸ˜‡,"Hampers already tunicated the clothes of children's clothes, I have been right to buy clothes for my mother, my children are part of a small thing, for the niece, just the niece is in the godor for the fortune to be dibln and then",neutral
2023-04-04 19:54:56+00:00,cavutes,nanti lebaran kalo ga dapet thr yah paling dapet hujatan,Later Eid if you don't get the most blasphemous THR,negative
2023-04-04 19:08:48+00:00,MonCha65938734,tiap tahun anggaran kanthrgaji 13sdh di simpandi bintang koq bisa bisax di ambildi potong2 hanya otak iblis amp jinyg ga ada perasaanx,Every year the Budget Kethr is 13 Salary Salaries are stored in the stars how come it can be taken in cutting only the Brain of the Devil Amp Jinyg there is no feeling,neutral
2023-04-04 16:55:27+00:00,KaumReceh22,kmaren di tempat gw ketangkep 7 orang ngedarin surat permintaan 1 lapak 300 ribu biasa klo mo deket2 lebaran preman minta thr,Yesterday in a place that was arrested 7 people took a request letter of 1 stall 300 thousand ordinary if you want to be close to the Eid thugs asking for THR,negative
2023-04-04 16:44:53+00:00,Cubicel_150KV,sepertinya belum dapat undangan untuk ttd thr,It seems like I haven't got an invitation for TTD THR,negative
2023-04-04 16:38:22+00:00,Cubicel_150KV,kasihan ntr malah lebaran dan dapat thr nasi plus sayur kangkung,Poor ntr instead of Eid and get a THR rice plus vegetable kale,negative
2023-04-04 16:25:15+00:00,Kakyo20554133,sama lagi mikir brpa mo ngisi amplop thr sepupu2 gua ga ngasih ntr julitin kluarga udah keja juga masa ga kasih adk2 ny thrpdhl ada cicilan yg harus bayar ğŸ¥¹ğŸ¥¹,"It's the same, I think that I will fill in the envelope of the cousin, I don't give me ntr julitin kluarga already, it's also not to give you, there is a installment that has to pay ğŸ¥¹ğŸ¥¹",neutral
2023-04-04 15:50:22+00:00,anusekaliya,seringkali pemerintah mengatakan memberi thr kepada pns karena faktor pengabdian sekarang aku mau tanya guru honorer itu bukan pengabdian ya padahal pns digaji perbulan dapat fasilitas dan dilindungi hukum lah honorer pancasila itu ada gak sih,"Often the government says giving THR to civil servants because of the service factor now I want to ask the honorary teacher is not dedication, even though civil servants are paid the monthly facilities and the law is protected by the honorary Pancasila, isn't there any",neutral
2023-04-04 15:27:49+00:00,amanajaaaaaa,thr emg jgn ditunggu sih lama bgt weh rasanya,THR EMG Don't wait for a long time,neutral
2023-04-04 14:56:42+00:00,nabiylarisfa,dah lah sedih mulu dari kemarin habis nanya soal pegawai honorer dapet thr apa nggak,already sad first from yesterday I asked about the honorary employee to get a THR or not,negative
2023-04-04 14:33:33+00:00,indomerebus,lebaran tahun iki gak nompo thr gak opo aku tak nompo koe opo anane ae,This year's birth is not thr no matter what I am doing,neutral
2023-04-04 14:16:28+00:00,Maymytan,yeyy alhamdulillah tahun ini bisa kasih thr ke para bocil pake uang baruğŸ¤­ soalnya tahun kemaren aku kasih thr gak pake uang baru karna gak dapet tukeran,Yeyy Alhamdulillah this year I can give THR to the leaks using new money,positive
